City,State,Region
Vellore,Tamil Nadu,Central
Krishnagiri,Tamil Nadu,Central
Perambalur,Tamil Nadu,Central
Dharmapuri,Tamil Nadu,Central
Ooty,Tamil Nadu,Central
Dharmapuri,Tamil Nadu,Central
Trichy,Tamil Nadu,Central
Ramanadhapuram,Tamil Nadu,Central
Tirunelveli,Tamil Nadu,Central
Chennai,Tamil Nadu,Central
Karur,Tamil Nadu,Central
Namakkal,Tamil Nadu,Central
Dindigul,Tamil Nadu,Central
Kanyakumari,Tamil Nadu,Central
Kanyakumari,Tamil Nadu,Central
Krishnagiri,Tamil Nadu,Central
Dharmapuri,Tamil Nadu,Central
Bodi,Tamil Nadu,Central
Tenkasi,Tamil Nadu,Central
Vellore,Tamil Nadu,Central
Karur,Tamil Nadu,Central
Tenkasi,Tamil Nadu,Central
Ooty,Tamil Nadu,Central
Viluppuram,Tamil Nadu,Central
Krishnagiri,Tamil Nadu,Central
Kanyakumari,Tamil Nadu,Central
Dharmapuri,Tamil Nadu,Central
Vellore,Tamil Nadu,Central
Trichy,Tamil Nadu,Central
Madurai,Tamil Nadu,Central
Vellore,Tamil Nadu,Central
Tirunelveli,Tamil Nadu,Central
Salem,Tamil Nadu,Central
Ramanadhapuram,Tamil Nadu,Central
Chennai,Tamil Nadu,Central
Cumbum,Tamil Nadu,Central
Namakkal,Tamil Nadu,Central
Madurai,Tamil Nadu,Central
Nagercoil,Tamil Nadu,Central
Chennai,Tamil Nadu,Central
Pudukottai,Tamil Nadu,Central
Ooty,Tamil Nadu,Central
Theni,Tamil Nadu,Central
Nagercoil,Tamil Nadu,Central
Salem,Tamil Nadu,Central
Coimbatore,Tamil Nadu,Central
Virudhunagar,Tamil Nadu,Central
Perambalur,Tamil Nadu,Central
Madurai,Tamil Nadu,Central
Pudukottai,Tamil Nadu,Central
Viluppuram,Tamil Nadu,Central
Theni,Tamil Nadu,Central
Vellore,Tamil Nadu,Central
Bodi,Tamil Nadu,Central
Coimbatore,Tamil Nadu,Central
Chennai,Tamil Nadu,Central
Kanyakumari,Tamil Nadu,Central
Cumbum,Tamil Nadu,Central
Viluppuram,Tamil Nadu,Central
Perambalur,Tamil Nadu,Central
Virudhunagar,Tamil Nadu,Central
Ooty,Tamil Nadu,Central
Cumbum,Tamil Nadu,Central
Tirunelveli,Tamil Nadu,Central
Namakkal,Tamil Nadu,Central
Pudukottai,Tamil Nadu,Central
Dindigul,Tamil Nadu,Central
Karur,Tamil Nadu,Central
Bodi,Tamil Nadu,Central
Cumbum,Tamil Nadu,Central
Tirunelveli,Tamil Nadu,Central
Virudhunagar,Tamil Nadu,Central
Coimbatore,Tamil Nadu,Central
Ramanadhapuram,Tamil Nadu,Central
Theni,Tamil Nadu,Central
Tenkasi,Tamil Nadu,Central
Theni,Tamil Nadu,Central
Salem,Tamil Nadu,Central
Trichy,Tamil Nadu,Central
Madurai,Tamil Nadu,Central
Virudhunagar,Tamil Nadu,Central
Tenkasi,Tamil Nadu,Central
Namakkal,Tamil Nadu,Central
Salem,Tamil Nadu,Central
Viluppuram,Tamil Nadu,Central
Nagercoil,Tamil Nadu,Central
Dindigul,Tamil Nadu,Central
Perambalur,Tamil Nadu,Central
Coimbatore,Tamil Nadu,Central
Krishnagiri,Tamil Nadu,Central
Nagercoil,Tamil Nadu,Central
Pudukottai,Tamil Nadu,Central
Dindigul,Tamil Nadu,Central
Karur,Tamil Nadu,Central
Trichy,Tamil Nadu,Central
Ramanadhapuram,Tamil Nadu,Central
Bodi,Tamil Nadu,Central
